Modelo_A,Modelo_B,DM_Stat,p_valor,n_pares,Significativo (α=0.05),Vencedor,Interpretação
ARIMA,SARIMAX-12,0.2144,0.8303,140,Não,Empate,Não há diferença significativa entre os modelos
ARIMA,SARIMAX-6,-0.6419,0.5209,140,Não,Empate,Não há diferença significativa entre os modelos
ARIMA,Holt-Winters,0.9137,0.3609,140,Não,Empate,Não há diferença significativa entre os modelos
ARIMA,Prophet/UC,-1.734,0.0829,140,Não,Empate,Não há diferença significativa entre os modelos
ARIMA,GradientBoosting,5.0215,0,127,Sim,GradientBoosting,Modelo 2 é melhor (menor erro)
ARIMA,LSTM_Forecast,0.6366,0.5244,140,Não,Empate,Não há diferença significativa entre os modelos
SARIMAX-12,SARIMAX-6,-1.5738,0.1155,140,Não,Empate,Não há diferença significativa entre os modelos
SARIMAX-12,Holt-Winters,0.7526,0.4517,140,Não,Empate,Não há diferença significativa entre os modelos
SARIMAX-12,Prophet/UC,-2.085,0.0371,140,Sim,SARIMAX-12,Modelo 1 é melhor (menor erro)
SARIMAX-12,GradientBoosting,4.8637,0,127,Sim,GradientBoosting,Modelo 2 é melhor (menor erro)
SARIMAX-12,LSTM_Forecast,0.554,0.5796,140,Não,Empate,Não há diferença significativa entre os modelos
SARIMAX-6,Holt-Winters,1.4043,0.1602,140,Não,Empate,Não há diferença significativa entre os modelos
SARIMAX-6,Prophet/UC,-1.5611,0.1185,140,Não,Empate,Não há diferença significativa entre os modelos
SARIMAX-6,GradientBoosting,4.7862,0,127,Sim,GradientBoosting,Modelo 2 é melhor (menor erro)
SARIMAX-6,LSTM_Forecast,0.842,0.3998,140,Não,Empate,Não há diferença significativa entre os modelos
Holt-Winters,Prophet/UC,-2.2449,0.0248,140,Sim,Holt-Winters,Modelo 1 é melhor (menor erro)
Holt-Winters,GradientBoosting,4.7325,0,127,Sim,GradientBoosting,Modelo 2 é melhor (menor erro)
Holt-Winters,LSTM_Forecast,0.3185,0.7501,140,Não,Empate,Não há diferença significativa entre os modelos
Prophet/UC,GradientBoosting,4.893,0,127,Sim,GradientBoosting,Modelo 2 é melhor (menor erro)
Prophet/UC,LSTM_Forecast,1.6493,0.0991,140,Não,Empate,Não há diferença significativa entre os modelos
GradientBoosting,LSTM_Forecast,-4.3034,0,127,Sim,GradientBoosting,Modelo 1 é melhor (menor erro)
,,,,,,,
Teste de Diebold-Mariano (1995): H0 = acurácia preditiva igual. p<0.05 implica diferença estatística entre os modelos.,,,,,,,
