Período,Quantidade Real,ARIMA,SARIMAX-12,SARIMAX-6,Holt-Winters,Prophet/UC,Theta,GradientBoosting,LSTM_Forecast,Ensemble,Vencedor (menor RMSE holdout = 28.75)
2015-01-01T02:00:00.000Z,1,0,1,3,-5,3,,,16,3,In-sample
2015-02-01T02:00:00.000Z,0,1,3,6,-2,7,,,-10,1,In-sample
2015-03-01T03:00:00.000Z,0,-1,-1,-20,19,4,,,19,4,In-sample
2015-04-01T03:00:00.000Z,1,1,0,-20,-4,-2,,,3,-4,In-sample
2015-05-01T03:00:00.000Z,2,2,0,-4,26,-5,,,3,4,In-sample
2015-06-01T03:00:00.000Z,2,2,2,4,-9,-1,,,-22,-4,In-sample
2015-07-01T03:00:00.000Z,4,1,2,21,-7,-1,,,-44,-4,In-sample
2015-08-01T03:00:00.000Z,6,2,6,1,-7,8,,,-15,0,In-sample
2015-09-01T03:00:00.000Z,2,4,5,7,-11,6,,,6,3,In-sample
2015-10-01T03:00:00.000Z,5,3,2,24,15,5,,,-12,6,In-sample
2015-11-01T02:00:00.000Z,3,3,3,12,3,1,,,8,4,In-sample
2015-12-01T02:00:00.000Z,2,3,6,-1,-17,8,,,25,4,In-sample
2016-01-01T02:00:00.000Z,6,3,1,15,19,4,,,-11,6,In-sample
2016-02-01T02:00:00.000Z,7,4,2,16,13,-3,,10,14,7,In-sample
2016-03-01T03:00:00.000Z,11,6,7,-6,30,4,,15,9,10,In-sample
2016-04-01T03:00:00.000Z,15,8,12,6,7,11,,16,15,11,In-sample
2016-05-01T03:00:00.000Z,16,11,16,18,38,19,,17,-3,18,In-sample
2016-06-01T03:00:00.000Z,15,13,17,17,5,19,,18,-41,8,In-sample
2016-07-01T03:00:00.000Z,26,14,18,16,6,19,,24,9,15,In-sample
2016-08-01T03:00:00.000Z,21,19,21,12,11,18,,21,25,18,In-sample
2016-09-01T03:00:00.000Z,22,21,19,32,5,20,,20,30,21,In-sample
2016-10-01T03:00:00.000Z,10,21,22,30,32,21,,14,2,21,In-sample
2016-11-01T02:00:00.000Z,12,14,16,19,14,19,,15,43,20,In-sample
2016-12-01T02:00:00.000Z,11,11,10,5,-6,7,,13,5,6,In-sample
2017-01-01T02:00:00.000Z,32,13,14,16,28,10,,31,31,20,In-sample
2017-02-01T02:00:00.000Z,20,25,28,44,30,31,,22,8,27,In-sample
2017-03-01T03:00:00.000Z,45,26,27,17,45,27,,38,41,32,In-sample
2017-04-01T03:00:00.000Z,42,30,41,28,33,37,,41,22,34,In-sample
2017-05-01T03:00:00.000Z,43,34,42,40,64,41,,43,-6,38,In-sample
2017-06-01T03:00:00.000Z,41,39,42,50,32,41,,45,18,38,In-sample
2017-07-01T03:00:00.000Z,62,40,48,42,33,50,,57,74,49,In-sample
2017-08-01T03:00:00.000Z,36,49,53,48,42,53,,42,47,48,In-sample
2017-09-01T03:00:00.000Z,41,45,43,56,28,44,,46,25,41,In-sample
2017-10-01T03:00:00.000Z,43,39,37,47,53,35,,45,58,44,In-sample
2017-11-01T02:00:00.000Z,79,39,41,41,41,40,,73,80,50,In-sample
2017-12-01T02:00:00.000Z,49,61,58,62,42,55,,45,60,54,In-sample
2018-01-01T02:00:00.000Z,83,65,69,80,71,81,,82,62,73,In-sample
2018-02-01T02:00:00.000Z,102,66,69,79,77,62,,94,87,76,In-sample
2018-03-01T03:00:00.000Z,142,77,103,87,110,108,,129,116,105,In-sample
2018-04-01T03:00:00.000Z,132,112,125,131,115,122,,122,83,116,In-sample
2018-05-01T03:00:00.000Z,155,132,129,139,150,130,,148,138,138,In-sample
2018-06-01T03:00:00.000Z,125,135,141,144,132,138,,136,129,137,In-sample
2018-07-01T03:00:00.000Z,202,119,146,147,126,158,,198,222,159,In-sample
2018-08-01T03:00:00.000Z,143,149,163,166,159,152,,130,128,150,In-sample
2018-09-01T03:00:00.000Z,168,167,155,182,141,160,,164,176,162,In-sample
2018-10-01T03:00:00.000Z,185,167,159,176,173,158,,182,169,169,In-sample
2018-11-01T03:00:00.000Z,146,162,186,174,174,198,,152,164,174,In-sample
2018-12-01T02:00:00.000Z,158,150,154,168,141,149,,159,152,153,In-sample
2019-01-01T02:00:00.000Z,152,154,176,170,176,169,,156,128,162,In-sample
2019-02-01T02:00:00.000Z,205,162,168,163,165,170,,201,171,171,In-sample
2019-03-01T03:00:00.000Z,216,184,212,200,206,213,,201,159,198,In-sample
2019-04-01T03:00:00.000Z,201,202,212,203,199,204,,199,184,201,In-sample
2019-05-01T03:00:00.000Z,212,199,214,226,226,221,,208,224,217,In-sample
2019-06-01T03:00:00.000Z,128,194,201,182,199,181,,128,141,176,In-sample
2019-07-01T03:00:00.000Z,142,162,195,187,163,223,,142,138,176,In-sample
2019-08-01T03:00:00.000Z,166,145,141,128,144,123,,162,177,145,In-sample
2019-09-01T03:00:00.000Z,147,162,161,164,146,151,,145,181,158,In-sample
2019-10-01T03:00:00.000Z,206,172,158,178,164,172,,202,212,179,In-sample
2019-11-01T03:00:00.000Z,160,186,180,181,179,160,,157,158,171,In-sample
2019-12-01T03:00:00.000Z,150,169,166,156,152,175,,151,134,159,In-sample
2020-01-01T03:00:00.000Z,171,148,170,180,176,157,,169,126,162,In-sample
2020-02-01T03:00:00.000Z,106,156,189,168,176,204,,117,37,154,In-sample
2020-03-01T03:00:00.000Z,126,149,167,157,160,174,,127,105,151,In-sample
2020-04-01T03:00:00.000Z,96,136,138,109,131,129,,97,101,121,In-sample
2020-05-01T03:00:00.000Z,51,110,124,101,138,133,,57,64,106,In-sample
2020-06-01T03:00:00.000Z,56,79,57,59,72,38,,66,45,58,In-sample
2020-07-01T03:00:00.000Z,54,69,82,50,64,62,,55,75,65,In-sample
2020-08-01T03:00:00.000Z,54,73,55,51,52,72,,61,94,65,In-sample
2020-09-01T03:00:00.000Z,63,73,55,66,43,39,,64,71,57,In-sample
2020-10-01T03:00:00.000Z,73,65,77,65,71,97,,75,72,76,In-sample
2020-11-01T03:00:00.000Z,83,62,62,69,64,47,,76,72,64,In-sample
2020-12-01T03:00:00.000Z,56,75,66,50,56,58,,69,12,56,In-sample
2021-01-01T03:00:00.000Z,141,74,76,86,80,97,,131,71,89,In-sample
2021-02-01T03:00:00.000Z,120,100,107,120,111,89,,119,82,104,In-sample
2021-03-01T03:00:00.000Z,95,116,133,130,136,146,,107,95,125,In-sample
2021-04-01T03:00:00.000Z,89,104,103,118,103,123,,98,92,107,In-sample
2021-05-01T03:00:00.000Z,77,82,89,65,120,74,,79,61,82,In-sample
2021-06-01T03:00:00.000Z,80,75,62,69,77,73,,89,90,76,In-sample
2021-07-01T03:00:00.000Z,95,87,91,95,79,78,,103,138,94,In-sample
2021-08-01T03:00:00.000Z,128,102,85,82,80,90,,117,142,98,In-sample
2021-09-01T03:00:00.000Z,69,114,109,121,95,111,,88,105,106,In-sample
2021-10-01T03:00:00.000Z,101,88,106,100,99,109,,107,93,101,In-sample
2021-11-01T03:00:00.000Z,97,78,95,90,93,99,,95,63,89,In-sample
2021-12-01T03:00:00.000Z,90,93,84,64,76,62,,88,18,70,In-sample
2022-01-01T03:00:00.000Z,112,107,119,133,110,145,,109,74,115,In-sample
2022-02-01T03:00:00.000Z,156,110,108,111,110,112,,145,147,120,In-sample
2022-03-01T03:00:00.000Z,121,121,142,134,152,123,,133,122,133,In-sample
2022-04-01T03:00:00.000Z,112,122,122,134,125,129,,123,90,121,In-sample
2022-05-01T03:00:00.000Z,151,116,110,111,142,107,,146,161,127,In-sample
2022-06-01T03:00:00.000Z,144,128,115,110,127,120,,145,178,131,In-sample
2022-07-01T03:00:00.000Z,141,143,149,173,136,143,,140,149,147,In-sample
2022-08-01T03:00:00.000Z,131,145,146,149,133,173,,131,168,150,In-sample
2022-09-01T03:00:00.000Z,80,131,127,125,121,111,,93,63,111,In-sample
2022-10-01T03:00:00.000Z,125,99,123,109,118,126,,122,92,114,In-sample
2022-11-01T03:00:00.000Z,60,105,116,108,114,114,,69,-4,91,In-sample
2022-12-01T03:00:00.000Z,60,102,77,70,69,81,,62,20,70,In-sample
2023-01-01T03:00:00.000Z,71,84,99,90,90,94,,76,59,86,In-sample
2023-02-01T03:00:00.000Z,83,67,87,71,80,111,,89,81,85,In-sample
2023-03-01T03:00:00.000Z,187,74,82,68,99,56,,168,163,99,In-sample
2023-04-01T03:00:00.000Z,113,139,126,128,132,93,,121,118,121,In-sample
2023-05-01T03:00:00.000Z,284,152,127,153,146,148,,273,323,185,In-sample
2023-06-01T03:00:00.000Z,204,189,192,206,197,193,,191,207,196,In-sample
2023-07-01T03:00:00.000Z,97,194,215,231,201,222,,101,129,187,In-sample
2023-08-01T03:00:00.000Z,134,140,153,184,142,180,,136,121,152,In-sample
2023-09-01T03:00:00.000Z,92,113,121,75,126,106,,95,78,103,In-sample
2023-10-01T03:00:00.000Z,111,115,131,135,128,150,,113,45,119,In-sample
2023-11-01T03:00:00.000Z,181,135,101,124,111,87,,173,149,123,In-sample
2023-12-01T03:00:00.000Z,76,164,133,120,129,129,,79,65,118,In-sample
2024-01-01T03:00:00.000Z,103,122,131,135,128,129,,105,97,122,In-sample
2024-02-01T03:00:00.000Z,105,81,121,99,116,108,,112,77,104,In-sample
2024-03-01T03:00:00.000Z,135,90,135,91,129,165,,137,138,129,In-sample
2024-04-01T03:00:00.000Z,110,141,111,132,118,51,,118,145,113,In-sample
2024-05-01T03:00:00.000Z,349,363,364,345,355,209,,352,358,330,In-sample
2024-06-01T03:00:00.000Z,148,118,115,117,116,216,,142,177,146,In-sample
2024-07-01T03:00:00.000Z,119,106,119,117,130,142,,118,104,121,In-sample
2024-08-01T03:00:00.000Z,124,122,126,139,120,176,,130,113,134,In-sample
2024-09-01T03:00:00.000Z,85,144,101,132,109,115,,99,-46,95,In-sample
2024-10-01T03:00:00.000Z,120,119,116,95,117,115,,120,85,110,In-sample
2024-11-01T03:00:00.000Z,111,95,118,140,112,168,,100,109,122,In-sample
2024-12-01T03:00:00.000Z,87,99,85,88,91,60,,91,84,84,In-sample
2025-01-01T03:00:00.000Z,117,112,112,98,115,98,,109,86,105,In-sample
2025-02-01T03:00:00.000Z,101,122,121,113,117,117,,103,97,113,In-sample
2025-03-01T03:00:00.000Z,120,107,133,110,128,129,,123,155,127,In-sample
2025-04-01T03:00:00.000Z,123,99,102,100,110,63,,128,132,103,In-sample
2025-05-01T03:00:00.000Z,320,288,324,312,319,301,,324,355,317,In-sample
2025-06-01T03:00:00.000Z,176,141,129,131,123,141,,158,159,140,In-sample
2025-07-01T03:00:00.000Z,145,163,137,143,146,145,,141,138,145,In-sample
2025-08-01T03:00:00.000Z,118,149,148,159,142,174,,124,-9,130,In-sample
2025-09-01T03:00:00.000Z,111,116,105,138,116,123,,118,77,114,In-sample
2025-10-01T03:00:00.000Z,136,111,118,108,134,150,133,101,106,122,Backtest (out-of-sample)
2025-11-01T03:00:00.000Z,111,122,124,142,129,153,127,119,117,130,Backtest (out-of-sample)
2025-12-01T03:00:00.000Z,84,106,100,113,109,117,107,113,110,109,Backtest (out-of-sample)
2026-01-01T03:00:00.000Z,115,126,114,121,135,145,131,104,103,124,Backtest (out-of-sample)
2026-02-01T03:00:00.000Z,91,109,127,131,136,131,132,104,108,123,Backtest (out-of-sample)
2026-03-01T03:00:00.000Z,140,125,156,131,153,148,151,109,120,138,Backtest (out-of-sample)
2026-04-01T03:00:00.000Z,136,116,127,128,139,120,134,120,125,126,Backtest (out-of-sample)
2026-05-01T03:00:00.000Z,252,121,162,136,160,306,157,131,127,169,Backtest (out-of-sample)
2026-06-01T03:00:00.000Z,158,122,148,121,146,157,137,107,122,134,Backtest (out-of-sample)
2026-07-01T03:00:00.000Z,141,119,147,131,144,141,136,103,129,132,Backtest (out-of-sample)
2026-08-01T03:00:00.000Z,110,126,153,127,140,138,136,102,124,132,Backtest (out-of-sample)
2026-09-01T03:00:00.000Z,147,121,108,116,124,126,118,117,122,119,Backtest (out-of-sample)
2026-10-01T03:00:00.000Z,,139,151,161,152,163,151,138,119,148,Prophet/UC
2026-11-01T03:00:00.000Z,,159,145,178,145,153,144,87,118,141,Prophet/UC
2026-12-01T03:00:00.000Z,,160,117,161,125,129,123,122,110,130,Prophet/UC
2027-01-01T03:00:00.000Z,,146,145,152,152,159,147,168,114,149,Prophet/UC
2027-02-01T03:00:00.000Z,,138,140,159,152,129,146,121,112,137,Prophet/UC
2027-03-01T03:00:00.000Z,,143,168,161,172,164,168,113,120,153,Prophet/UC
2027-04-01T03:00:00.000Z,,152,153,161,159,161,152,136,124,150,Prophet/UC
2027-05-01T03:00:00.000Z,,154,204,194,188,288,175,184,128,194,Prophet/UC
2027-06-01T03:00:00.000Z,,148,178,160,164,185,159,114,127,156,Prophet/UC
2027-07-01T03:00:00.000Z,,143,159,161,160,160,155,144,130,152,Prophet/UC
2027-08-01T03:00:00.000Z,,145,152,142,155,127,153,100,133,138,Prophet/UC
2027-09-01T03:00:00.000Z,,149,141,160,143,161,136,112,129,142,Prophet/UC
,,,,,,,,,,,
MÉTRICAS DE VALIDAÇÃO (Holdout 12 meses — backtest out-of-sample),,,,,,,,,,,
Coluna 'Vencedor' na área de forecast indica o modelo com menor RMSE no holdout. Critério: menor RMSE = Prophet/UC (RMSE=28.75). Multicritério (RMSE·0.5 + CRPS·0.3 + Desvio_CV·0.2): Prophet/UC (score=0.1000). Ver PREVISAO_CRPS_MULTICRITERIO para tabela completa de scores.,,,,,,,,,,,
Região 'In-sample' (histórico antes do holdout): valores ajustados = real − resíduo do modelo. Região 'Backtest': previsão out-of-sample do modelo treinado até T−12 para os 12 meses seguintes. Região 'Forecast': projeção além do último ponto observado.,,,,,,,,,,,
Modelo,MAE,RMSE,R²,MAPE (%),AIC,BIC,Configuração,,,,
ARIMA,29.48,43.1,-0.084,19.36,1348.67,1366.15,"ARIMA(2,1,3)",,,,
SARIMAX-12,24.7,34.15,0.319,17.82,1151.1,1172.92,"SARIMAX(0,1,2)(0,1,1)[12]+exog",,,,
SARIMAX-6,1900-01-29T05:16:04.000Z,41.31,0.004,21.41,1266.29,1294.57,"SARIMAX(2,1,2)(0,1,1)[6]+exog",,,,
Holt-Winters,23.79,33.71,0.337,17.84,998.69,1045.87,"HW(α=0.505,β=0.005,γ=0.024)",,,,
Prophet/UC,23.86,28.75,0.518,19.67,1321.58,1344.39,UnobservedComponents(LLT + seasonal=12 + exog),,,,
Theta,24.1,33.98,0.326,17.6,—,—,Theta(period=12),,,,
GradientBoosting,36.07,37.15,NaN,24.54,—,—,"GBR-DIRECT(H=12, n=200, depth=3, lr=0.05)",,,,
LSTM_Forecast,27.84,41.33,0.003,18.36,—,—,"LSTM(W=12,units=64)+exog4",,,,
Ensemble,27.18,36.09,0.232,19.51,—,—,Média ponderada por 1/RMSE,,,,
,,,,,,,,,,,
TESTES DE ESTACIONARIEDADE,,,,,,,,,,,
Teste,Estatística,p-valor,Interpretação,,,,,,,,
ADF (Dickey-Fuller),1899-12-27T09:01:42.880Z,0.0653,Não estacionária,,,,,,,,
KPSS,1899-12-30T20:55:22.720Z,0.01,Não estacionária,,,,,,,,
,,,,,,,,,,,
Outliers tratados: 2 ponto(s) com |z|>3.0,,,,,,,,,,,
Atualizado em,2026-10-02T04:19:46.000Z,,,,,,,,,,
